{"loss": 1.8865123987197876, "_timestamp": 1715345344.8498151, "_runtime": 378.3194172382355, "_step": 20}