{"loss": 3.7927815914154053, "_timestamp": 1716145046.1548119, "_runtime": 35.829901933670044, "_step": 0}